email_address,order_id,order_date
allan.sherwood@yahoo.com,1,"2018-03-28 09:40:28"
barryz@gmail.com,2,"2018-03-28 11:23:20"
christineb@solarone.com,4,"2018-03-30 15:22:31"
david.goldstein@hotmail.com,5,"2018-03-31 05:43:11"
erinv@gmail.com,6,"2018-03-31 18:37:22"
frankwilson@sbcglobal.net,7,"2018-04-01 23:11:12"
gary_hernandez@yahoo.com,8,"2018-04-02 11:26:38"
